{
	"name": "One Dark Pro",
	"type": "dark",
	"semanticHighlighting": true,
	"semanticTokenColors": {
	  "enumMember": {
		"foreground": "#b0f4fd"
	  },
	  "variable.constant": {
		"foreground": "#fa9191"
	  },
	  "variable.defaultLibrary": {
		"foreground": "#fcdfad"
	  }
	},
	"tokenColors": [
	  {
		"name": "unison punctuation",
		"scope": "punctuation.definition.delayed.unison,punctuation.definition.list.begin.unison,punctuation.definition.list.end.unison,punctuation.definition.ability.begin.unison,punctuation.definition.ability.end.unison,punctuation.operator.assignment.as.unison,punctuation.separator.pipe.unison,punctuation.separator.delimiter.unison,punctuation.definition.hash.unison",
		"settings": {
		  "foreground": "#c2adfc"
		}
	  },
	  {
		"name": "haskell variable generic-type",
		"scope": "variable.other.generic-type.haskell",
		"settings": {
		  "foreground": "#fcade7"
		}
	  },
	  {
		"name": "haskell storage type",
		"scope": "storage.type.haskell",
		"settings": {
		  "foreground": "#ffbeb8"
		}
	  },
	  {
		"name": "support.variable.magic.python",
		"scope": "support.variable.magic.python",
		"settings": {
		  "foreground": "#c2adfc"
		}
	  },
	  {
		"name": "punctuation.separator.parameters.python",
		"scope": "punctuation.separator.period.python,punctuation.separator.element.python,punctuation.parenthesis.begin.python,punctuation.parenthesis.end.python",
		"settings": {
		  "foreground": "#abb2bf"
		}
	  },
	  {
		"name": "variable.parameter.function.language.special.self.python",
		"scope": "variable.parameter.function.language.special.self.python",
		"settings": {
		  "foreground": "#fcdfad"
		}
	  },
	  {
		"name": "storage.modifier.lifetime.rust",
		"scope": "storage.modifier.lifetime.rust",
		"settings": {
		  "foreground": "#abb2bf"
		}
	  },
	  {
		"name": "support.function.std.rust",
		"scope": "support.function.std.rust",
		"settings": {
		  "foreground": "#61afef"
		}
	  },
	  {
		"name": "entity.name.lifetime.rust",
		"scope": "entity.name.lifetime.rust",
		"settings": {
		  "foreground": "#fcdfad"
		}
	  },
	  {
		"name": "variable.language.rust",
		"scope": "variable.language.rust",
		"settings": {
		  "foreground": "#c2adfc"
		}
	  },
	  {
		"name": "support.constant.edge",
		"scope": "support.constant.edge",
		"settings": {
		  "foreground": "#fcade7"
		}
	  },
	  {
		"name": "regexp constant character-class",
		"scope": "constant.other.character-class.regexp",
		"settings": {
		  "foreground": "#c2adfc"
		}
	  },
	  {
		"name": "regexp operator.quantifier",
		"scope": "keyword.operator.quantifier.regexp",
		"settings": {
		  "foreground": "#ffbeb8"
		}
	  },
	  {
		"name": "punctuation.definition",
		"scope": "punctuation.definition.string.begin,punctuation.definition.string.end",
		"settings": {
		  "foreground": "#79c3a4"
		}
	  },
	  {
		"name": "Text",
		"scope": "variable.parameter.function",
		"settings": {
		  "foreground": "#abb2bf"
		}
	  },
	  {
		"name": "Comment Markup Link",
		"scope": "comment markup.link",
		"settings": {
		  "foreground": "#5c6370"
		}
	  },
	  {
		"name": "markup diff",
		"scope": "markup.changed.diff",
		"settings": {
		  "foreground": "#fcdfad"
		}
	  },
	  {
		"name": "diff",
		"scope": "meta.diff.header.from-file,meta.diff.header.to-file,punctuation.definition.from-file.diff,punctuation.definition.to-file.diff",
		"settings": {
		  "foreground": "#61afef"
		}
	  },
	  {
		"name": "inserted.diff",
		"scope": "markup.inserted.diff",
		"settings": {
		  "foreground": "#79c3a4"
		}
	  },
	  {
		"name": "deleted.diff",
		"scope": "markup.deleted.diff",
		"settings": {
		  "foreground": "#c2adfc"
		}
	  },
	  {
		"name": "c++ function",
		"scope": "meta.function.c,meta.function.cpp",
		"settings": {
		  "foreground": "#c2adfc"
		}
	  },
	  {
		"name": "c++ block",
		"scope": "punctuation.section.block.begin.bracket.curly.cpp,punctuation.section.block.end.bracket.curly.cpp,punctuation.terminator.statement.c,punctuation.section.block.begin.bracket.curly.c,punctuation.section.block.end.bracket.curly.c,punctuation.section.parens.begin.bracket.round.c,punctuation.section.parens.end.bracket.round.c,punctuation.section.parameters.begin.bracket.round.c,punctuation.section.parameters.end.bracket.round.c",
		"settings": {
		  "foreground": "#abb2bf"
		}
	  },
	  {
		"name": "js/ts punctuation separator key-value",
		"scope": "punctuation.separator.key-value",
		"settings": {
		  "foreground": "#abb2bf"
		}
	  },
	  {
		"name": "js/ts import keyword",
		"scope": "keyword.operator.expression.import",
		"settings": {
		  "foreground": "#61afef"
		}
	  },
	  {
		"name": "math js/ts",
		"scope": "support.constant.math",
		"settings": {
		  "foreground": "#fcdfad"
		}
	  },
	  {
		"name": "math property js/ts",
		"scope": "support.constant.property.math",
		"settings": {
		  "foreground": "#ffbeb8"
		}
	  },
	  {
		"name": "js/ts variable.other.constant",
		"scope": "variable.other.constant",
		"settings": {
		  "foreground": "#fcdfad"
		}
	  },
	  {
		"name": "java type",
		"scope": [
		  "storage.type.annotation.java",
		  "storage.type.object.array.java"
		],
		"settings": {
		  "foreground": "#fcdfad"
		}
	  },
	  {
		"name": "java source",
		"scope": "source.java",
		"settings": {
		  "foreground": "#c2adfc"
		}
	  },
	  {
		"name": "java modifier.import",
		"scope": "punctuation.section.block.begin.java,punctuation.section.block.end.java,punctuation.definition.method-parameters.begin.java,punctuation.definition.method-parameters.end.java,meta.method.identifier.java,punctuation.section.method.begin.java,punctuation.section.method.end.java,punctuation.terminator.java,punctuation.section.class.begin.java,punctuation.section.class.end.java,punctuation.section.inner-class.begin.java,punctuation.section.inner-class.end.java,meta.method-call.java,punctuation.section.class.begin.bracket.curly.java,punctuation.section.class.end.bracket.curly.java,punctuation.section.method.begin.bracket.curly.java,punctuation.section.method.end.bracket.curly.java,punctuation.separator.period.java,punctuation.bracket.angle.java,punctuation.definition.annotation.java,meta.method.body.java",
		"settings": {
		  "foreground": "#abb2bf"
		}
	  },
	  {
		"name": "java modifier.import",
		"scope": "meta.method.java",
		"settings": {
		  "foreground": "#61afef"
		}
	  },
	  {
		"name": "java modifier.import",
		"scope": "storage.modifier.import.java,storage.type.java,storage.type.generic.java",
		"settings": {
		  "foreground": "#fcdfad"
		}
	  },
	  {
		"name": "java instanceof",
		"scope": "keyword.operator.instanceof.java",
		"settings": {
		  "foreground": "#fcade7"
		}
	  },
	  {
		"name": "java variable.name",
		"scope": "meta.definition.variable.name.java",
		"settings": {
		  "foreground": "#c2adfc"
		}
	  },
	  {
		"name": "operator logical",
		"scope": "keyword.operator.logical",
		"settings": {
		  "foreground": "#b0f4fd"
		}
	  },
	  {
		"name": "operator bitwise",
		"scope": "keyword.operator.bitwise",
		"settings": {
		  "foreground": "#b0f4fd"
		}
	  },
	  {
		"name": "operator channel",
		"scope": "keyword.operator.channel",
		"settings": {
		  "foreground": "#b0f4fd"
		}
	  },
	  {
		"name": "support.constant.property-value.scss",
		"scope": "support.constant.property-value.scss,support.constant.property-value.css",
		"settings": {
		  "foreground": "#f7bfdf"
		}
	  },
	  {
		"name": "CSS/SCSS/LESS Operators",
		"scope": "keyword.operator.css,keyword.operator.scss,keyword.operator.less",
		"settings": {
		  "foreground": "#b0f4fd"
		}
	  },
	  {
		"name": "css color standard name",
		"scope": "support.constant.color.w3c-standard-color-name.css,support.constant.color.w3c-standard-color-name.scss",
		"settings": {
		  "foreground": "#ffbeb8"
		}
	  },
	  {
		"name": "css comma",
		"scope": "punctuation.separator.list.comma.css",
		"settings": {
		  "foreground": "#abb2bf"
		}
	  },
	  {
		"name": "css attribute-name.id",
		"scope": "support.constant.color.w3c-standard-color-name.css",
		"settings": {
		  "foreground": "#ffbeb8"
		}
	  },
	  {
		"name": "css property-name",
		"scope": "support.type.vendored.property-name.css",
		"settings": {
		  "foreground": "#79C3A4"
		}
	  },
	  {
		"name": "scss support function",
		"scope": "support.function.misc.scss, support.function.css",
		"settings": {
			"foreground": "#79C3A4"
		}
	  },
	  {
		"name": "js/ts module",
		"scope": "support.module.node,support.type.object.module,support.module.node",
		"settings": {
		  "foreground": "#fcdfad"
		}
	  },
	  {
		"name": "entity.name.type.module",
		"scope": "entity.name.type.module",
		"settings": {
		  "foreground": "#fcdfad"
		}
	  },
	  {
		"name": "js variable readwrite",
		"scope": "variable.other.readwrite,meta.object-literal.key,support.variable.property,support.variable.object.process,support.variable.object.node",
		"settings": {
		  "foreground": "#c2adfc"
		}
	  },
	  {
		"name": "js/ts json",
		"scope": "support.constant.json",
		"settings": {
		  "foreground": "#ffbeb8"
		}
	  },
	  {
		"name": "js/ts Keyword",
		"scope": [
		  "keyword.operator.expression.instanceof",
		  "keyword.operator.new",
		  "keyword.operator.ternary",
		  "keyword.operator.optional",
		  "keyword.operator.expression.keyof"
		],
		"settings": {
		  "foreground": "#df9fc7"
		}
	  },
	  {
		"name": "js/ts console",
		"scope": "support.type.object.console",
		"settings": {
		  "foreground": "#c2adfc"
		}
	  },
	  {
		"name": "js/ts support.variable.property.process",
		"scope": "support.variable.property.process",
		"settings": {
		  "foreground": "#ffbeb8"
		}
	  },
	  {
		"name": "js console function",
		"scope": "entity.name.function,support.function.console",
		"settings": {
		  "foreground": "#61afef"
		}
	  },
	  {
		"name": "keyword.operator.misc.rust",
		"scope": "keyword.operator.misc.rust",
		"settings": {
		  "foreground": "#abb2bf"
		}
	  },
	  {
		"name": "keyword.operator.sigil.rust",
		"scope": "keyword.operator.sigil.rust",
		"settings": {
		  "foreground": "#fcade7"
		}
	  },
	  {
		"name": "operator",
		"scope": "keyword.operator.delete",
		"settings": {
		  "foreground": "#fcade7"
		}
	  },
	  {
		"name": "js dom",
		"scope": "support.type.object.dom",
		"settings": {
		  "foreground": "#b0f4fd"
		}
	  },
	  {
		"name": "js dom variable",
		"scope": "support.variable.dom,support.variable.property.dom",
		"settings": {
		  "foreground": "#c2adfc"
		}
	  },
	  {
		"name": "keyword.operator",
		"scope": "keyword.operator.arithmetic,keyword.operator.comparison,keyword.operator.decrement,keyword.operator.increment,keyword.operator.relational",
		"settings": {
		  "foreground": "#b0f4fd"
		}
	  },
	  {
		"name": "C operator assignment",
		"scope": "keyword.operator.assignment.c,keyword.operator.comparison.c,keyword.operator.c,keyword.operator.increment.c,keyword.operator.decrement.c,keyword.operator.bitwise.shift.c,keyword.operator.assignment.cpp,keyword.operator.comparison.cpp,keyword.operator.cpp,keyword.operator.increment.cpp,keyword.operator.decrement.cpp,keyword.operator.bitwise.shift.cpp",
		"settings": {
		  "foreground": "#fcade7"
		}
	  },
	  {
		"name": "Punctuation",
		"scope": "punctuation.separator.delimiter",
		"settings": {
		  "foreground": "#abb2bf"
		}
	  },
	  {
		"name": "Other punctuation .c",
		"scope": "punctuation.separator.c,punctuation.separator.cpp",
		"settings": {
		  "foreground": "#fcade7"
		}
	  },
	  {
		"name": "C type posix-reserved",
		"scope": "support.type.posix-reserved.c,support.type.posix-reserved.cpp",
		"settings": {
		  "foreground": "#b0f4fd"
		}
	  },
	  {
		"name": "keyword.operator.sizeof.c",
		"scope": "keyword.operator.sizeof.c,keyword.operator.sizeof.cpp",
		"settings": {
		  "foreground": "#fcade7"
		}
	  },
	  {
		"name": "python parameter",
		"scope": "variable.parameter.function.language.python",
		"settings": {
		  "foreground": "#ffbeb8"
		}
	  },
	  {
		"name": "python type",
		"scope": "support.type.python",
		"settings": {
		  "foreground": "#b0f4fd"
		}
	  },
	  {
		"name": "python logical",
		"scope": "keyword.operator.logical.python",
		"settings": {
		  "foreground": "#fcade7"
		}
	  },
	  {
		"name": "pyCs",
		"scope": "variable.parameter.function.python",
		"settings": {
		  "foreground": "#ffbeb8"
		}
	  },
	  {
		"name": "python block",
		"scope": "punctuation.definition.arguments.begin.python,punctuation.definition.arguments.end.python,punctuation.separator.arguments.python,punctuation.definition.list.begin.python,punctuation.definition.list.end.python",
		"settings": {
		  "foreground": "#abb2bf"
		}
	  },
	  {
		"name": "python function-call.generic",
		"scope": "meta.function-call.generic.python",
		"settings": {
		  "foreground": "#61afef"
		}
	  },
	  {
		"name": "python placeholder reset to normal string",
		"scope": "constant.character.format.placeholder.other.python",
		"settings": {
		  "foreground": "#ffbeb8"
		}
	  },
	  {
		"name": "Operators",
		"scope": "keyword.operator",
		"settings": {
		  "foreground": "#abb2bf"
		}
	  },
	  {
		"name": "Compound Assignment Operators",
		"scope": "keyword.operator.assignment.compound",
		"settings": {
		  "foreground": "#fcade7"
		}
	  },
	  {
		"name": "Compound Assignment Operators js/ts",
		"scope": "keyword.operator.assignment.compound.js,keyword.operator.assignment.compound.ts",
		"settings": {
		  "foreground": "#b0f4fd"
		}
	  },
	  {
		"name": "Keywords",
		"scope": "keyword",
		"settings": {
		  "foreground": "#fcade7"
		}
	  },
	  {
		"name": "Namespaces",
		"scope": "entity.name.namespace",
		"settings": {
		  "foreground": "#fcdfad"
		}
	  },
	  {
		"name": "Variables",
		"scope": "variable",
		"settings": {
		  "foreground": "#c2adfc"
		}
	  },
	  {
		"name": "Variables",
		"scope": "variable.c",
		"settings": {
		  "foreground": "#abb2bf"
		}
	  },
	  {
		"name": "Language variables",
		"scope": "variable.language",
		"settings": {
		  "foreground": "#fcdfad"
		}
	  },
	  {
		"name": "Java Variables",
		"scope": "token.variable.parameter.java",
		"settings": {
		  "foreground": "#abb2bf"
		}
	  },
	  {
		"name": "Java Imports",
		"scope": "import.storage.java",
		"settings": {
		  "foreground": "#fcdfad"
		}
	  },
	  {
		"name": "Packages",
		"scope": "token.package.keyword",
		"settings": {
		  "foreground": "#fcade7"
		}
	  },
	  {
		"name": "Packages",
		"scope": "token.package",
		"settings": {
		  "foreground": "#abb2bf"
		}
	  },
	  {
		"name": "Functions",
		"scope": [
		  "entity.name.function",
		  "meta.require",
		  "support.function.any-method",
		  "variable.function"
		],
		"settings": {
		  "foreground": "#71d0fc"
		}
	  },
	  {
		"name": "Classes",
		"scope": "entity.name.type.namespace",
		"settings": {
		  "foreground": "#fcdfad"
		}
	  },
	  {
		"name": "Classes",
		"scope": "support.class, entity.name.type.class",
		"settings": {
		  "foreground": "#fcdfad"
		}
	  },
	  {
		"name": "Class name",
		"scope": "entity.name.class.identifier.namespace.type",
		"settings": {
		  "foreground": "#fcdfad"
		}
	  },
	  {
		"name": "Class name",
		"scope": [
		  "entity.name.class",
		  "variable.other.class.js",
		  "variable.other.class.ts"
		],
		"settings": {
		  "foreground": "#fcdfad"
		}
	  },
	  {
		"name": "Class name php",
		"scope": "variable.other.class.php",
		"settings": {
		  "foreground": "#c2adfc"
		}
	  },
	  {
		"name": "Type Name",
		"scope": "entity.name.type",
		"settings": {
		  "foreground": "#bffcad"
		}
	  },
	  {
		"name": "Keyword Control",
		"scope": "keyword.control",
		"settings": {
		  "foreground": "#fcade7"
		}
	  },
	  {
		"name": "Control Elements",
		"scope": "control.elements, keyword.operator.less",
		"settings": {
		  "foreground": "#ffbeb8"
		}
	  },
	  {
		"name": "Methods",
		"scope": "keyword.other.special-method",
		"settings": {
		  "foreground": "#61afef"
		}
	  },
	  {
		"name": "Storage",
		"scope": "storage",
		"settings": {
		  "foreground": "#fcade7"
		}
	  },
	  {
		"name": "Storage JS TS",
		"scope": "token.storage",
		"settings": {
		  "foreground": "#fcade7"
		}
	  },
	  {
		"name": "Source Js Keyword Operator Delete,source Js Keyword Operator In,source Js Keyword Operator Of,source Js Keyword Operator Instanceof,source Js Keyword Operator New,source Js Keyword Operator Typeof,source Js Keyword Operator Void",
		"scope": "keyword.operator.expression.delete,keyword.operator.expression.in,keyword.operator.expression.of,keyword.operator.expression.instanceof,keyword.operator.new,keyword.operator.expression.typeof,keyword.operator.expression.void",
		"settings": {
		  "foreground": "#fcade7"
		}
	  },
	  {
		"name": "Java Storage",
		"scope": "token.storage.type.java",
		"settings": {
		  "foreground": "#fcdfad"
		}
	  },
	  {
		"name": "Support",
		"scope": "support.function",
		"settings": {
		  "foreground": "#b0f4fd"
		}
	  },
	  {
		"name": "Support type",
		"scope": "support.type.property-name",
		"settings": {
		  "foreground": "#abb2bf"
		}
	  },
	  {
		"name": "Support type",
		"scope": "support.constant.property-value",
		"settings": {
		  "foreground": "#abb2bf"
		}
	  },
	  {
		"name": "Support type",
		"scope": "support.constant.font-name",
		"settings": {
		  "foreground": "#ffbeb8"
		}
	  },
	  {
		"name": "Meta tag",
		"scope": "meta.tag",
		"settings": {
		  "foreground": "#abb2bf"
		}
	  },
	  {
		"name": "Strings",
		"scope": "string",
		"settings": {
		  "foreground": "#79c3a4"
		}
	  },
	  {
		"name": "Inherited Class",
		"scope": "entity.other.inherited-class",
		"settings": {
		  "foreground": "#fcdfad"
		}
	  },
	  {
		"name": "Constant other symbol",
		"scope": "constant.other.symbol",
		"settings": {
		  "foreground": "#b0f4fd"
		}
	  },
	  {
		"name": "Integers",
		"scope": "constant.numeric",
		"settings": {
		  "foreground": "#ffbeb8"
		}
	  },
	  {
		"name": "CSS Integers",
		"scope": "constant.numeric.css",
		"settings": {
			"foreground": "#FCDFAD"
		}
	  },
	  {
		"name": "Meta property value scss",
		"scope": "meta.property-value.scss",
		"settings": {
			"foreground": "#71D0FC"
		}
	  },
	  {
		"name": "Constants",
		"scope": "constant",
		"settings": {
		  "foreground": "#ffbeb8"
		}
	  },
	  {
		"name": "Constants",
		"scope": "punctuation.definition.constant",
		"settings": {
		  "foreground": "#ffbeb8"
		}
	  },
	  {
		"name": "Tags",
		"scope": "entity.name.tag",
		"settings": {
		  "foreground": "#f7bfdf"
		}
	  },
	  {
		"name": "Attributes",
		"scope": "entity.other.attribute-name",
		"settings": {
		  "foreground": "#ffbeb8"
		}
	  },
	  {
		"name": "Attribute IDs",
		"scope": "entity.other.attribute-name.id",
		"settings": {
		  "fontStyle": "normal",
		  "foreground": "#61afef"
		}
	  },
	  {
		"name": "Attribute class",
		"scope": "entity.other.attribute-name.class.css",
		"settings": {
		  "fontStyle": "normal",
		  "foreground": "#C2ADFC"
		}
	  },
	  {
		"name": "Selector",
		"scope": "meta.selector",
		"settings": {
		  "foreground": "#fcade7"
		}
	  },
	  {
		"name": "Headings",
		"scope": "markup.heading",
		"settings": {
		  "foreground": "#c2adfc"
		}
	  },
	  {
		"name": "Headings",
		"scope": "markup.heading punctuation.definition.heading, entity.name.section",
		"settings": {
		  "foreground": "#61afef"
		}
	  },
	  {
		"name": "Units",
		"scope": "keyword.other.unit",
		"settings": {
		  "foreground": "#f7bfdf"
		}
	  },
	  {
		"name": "SCSS variable",
		"scope": "variable.scss",
		"settings": {
			"foreground": "#FFBEB8"
		}
	  },
	  {
		"name": "Bold",
		"scope": "markup.bold,todo.bold",
		"settings": {
		  "foreground": "#ffbeb8"
		}
	  },
	  {
		"name": "Bold",
		"scope": "punctuation.definition.bold",
		"settings": {
		  "foreground": "#fcdfad"
		}
	  },
	  {
		"name": "markup Italic",
		"scope": "markup.italic, punctuation.definition.italic,todo.emphasis",
		"settings": {
		  "foreground": "#fcade7"
		}
	  },
	  {
		"name": "emphasis md",
		"scope": "emphasis md",
		"settings": {
		  "foreground": "#fcade7"
		}
	  },
	  {
		"name": "[VSCODE-CUSTOM] Markdown headings",
		"scope": "entity.name.section.markdown",
		"settings": {
		  "foreground": "#c2adfc"
		}
	  },
	  {
		"name": "[VSCODE-CUSTOM] Markdown heading Punctuation Definition",
		"scope": "punctuation.definition.heading.markdown",
		"settings": {
		  "foreground": "#c2adfc"
		}
	  },
	  {
		"name": "punctuation.definition.list.begin.markdown",
		"scope": "punctuation.definition.list.begin.markdown",
		"settings": {
		  "foreground": "#c2adfc"
		}
	  },
	  {
		"name": "[VSCODE-CUSTOM] Markdown heading setext",
		"scope": "markup.heading.setext",
		"settings": {
		  "foreground": "#abb2bf"
		}
	  },
	  {
		"name": "[VSCODE-CUSTOM] Markdown Punctuation Definition Bold",
		"scope": "punctuation.definition.bold.markdown",
		"settings": {
		  "foreground": "#ffbeb8"
		}
	  },
	  {
		"name": "[VSCODE-CUSTOM] Markdown Inline Raw",
		"scope": "markup.inline.raw.markdown",
		"settings": {
		  "foreground": "#79c3a4"
		}
	  },
	  {
		"name": "[VSCODE-CUSTOM] Markdown Inline Raw",
		"scope": "markup.inline.raw.string.markdown",
		"settings": {
		  "foreground": "#79c3a4"
		}
	  },
	  {
		"name": "[VSCODE-CUSTOM] Markdown List Punctuation Definition",
		"scope": "punctuation.definition.list.markdown",
		"settings": {
		  "foreground": "#c2adfc"
		}
	  },
	  {
		"name": "[VSCODE-CUSTOM] Markdown Punctuation Definition String",
		"scope": [
		  "punctuation.definition.string.begin.markdown",
		  "punctuation.definition.string.end.markdown",
		  "punctuation.definition.metadata.markdown"
		],
		"settings": {
		  "foreground": "#c2adfc"
		}
	  },
	  {
		"name": "beginning.punctuation.definition.list.markdown",
		"scope": [
		  "beginning.punctuation.definition.list.markdown"
		],
		"settings": {
		  "foreground": "#c2adfc"
		}
	  },
	  {
		"name": "[VSCODE-CUSTOM] Markdown Punctuation Definition Link",
		"scope": "punctuation.definition.metadata.markdown",
		"settings": {
		  "foreground": "#c2adfc"
		}
	  },
	  {
		"name": "[VSCODE-CUSTOM] Markdown Underline Link/Image",
		"scope": "markup.underline.link.markdown,markup.underline.link.image.markdown",
		"settings": {
		  "foreground": "#fcade7"
		}
	  },
	  {
		"name": "[VSCODE-CUSTOM] Markdown Link Title/Description",
		"scope": "string.other.link.title.markdown,string.other.link.description.markdown",
		"settings": {
		  "foreground": "#61afef"
		}
	  },
	  {
		"name": "Regular Expressions",
		"scope": "string.regexp",
		"settings": {
		  "foreground": "#b0f4fd"
		}
	  },
	  {
		"name": "Escape Characters",
		"scope": "constant.character.escape",
		"settings": {
		  "foreground": "#b0f4fd"
		}
	  },
	  {
		"name": "Embedded",
		"scope": "punctuation.section.embedded, variable.interpolation",
		"settings": {
		  "foreground": "#c2adfc"
		}
	  },
	  {
		"name": "Embedded",
		"scope": "punctuation.section.embedded.begin,punctuation.section.embedded.end",
		"settings": {
		  "foreground": "#fcade7"
		}
	  },
	  {
		"name": "illegal",
		"scope": "invalid.illegal",
		"settings": {
		  "foreground": "#ffffff"
		}
	  },
	  {
		"name": "illegal",
		"scope": "invalid.illegal.bad-ampersand.html",
		"settings": {
		  "foreground": "#abb2bf"
		}
	  },
	  {
		"name": "Broken",
		"scope": "invalid.broken",
		"settings": {
		  "foreground": "#ffffff"
		}
	  },
	  {
		"name": "Deprecated",
		"scope": "invalid.deprecated",
		"settings": {
		  "foreground": "#ffffff"
		}
	  },
	  {
		"name": "Unimplemented",
		"scope": "invalid.unimplemented",
		"settings": {
		  "foreground": "#ffffff"
		}
	  },
	  {
		"name": "Source Json Meta Structure Dictionary Json > String Quoted Json",
		"scope": "source.json meta.structure.dictionary.json > string.quoted.json",
		"settings": {
		  "foreground": "#c2adfc"
		}
	  },
	  {
		"name": "Source Json Meta Structure Dictionary Json > String Quoted Json > Punctuation String",
		"scope": "source.json meta.structure.dictionary.json > string.quoted.json > punctuation.string",
		"settings": {
		  "foreground": "#c2adfc"
		}
	  },
	  {
		"name": "Source Json Meta Structure Dictionary Json > Value Json > String Quoted Json,source Json Meta Structure Array Json > Value Json > String Quoted Json,source Json Meta Structure Dictionary Json > Value Json > String Quoted Json > Punctuation,source Json Meta Structure Array Json > Value Json > String Quoted Json > Punctuation",
		"scope": "source.json meta.structure.dictionary.json > value.json > string.quoted.json,source.json meta.structure.array.json > value.json > string.quoted.json,source.json meta.structure.dictionary.json > value.json > string.quoted.json > punctuation,source.json meta.structure.array.json > value.json > string.quoted.json > punctuation",
		"settings": {
		  "foreground": "#79c3a4"
		}
	  },
	  {
		"name": "Source Json Meta Structure Dictionary Json > Constant Language Json,source Json Meta Structure Array Json > Constant Language Json",
		"scope": "source.json meta.structure.dictionary.json > constant.language.json,source.json meta.structure.array.json > constant.language.json",
		"settings": {
		  "foreground": "#b0f4fd"
		}
	  },
	  {
		"name": "[VSCODE-CUSTOM] JSON Property Name",
		"scope": "support.type.property-name.json",
		"settings": {
		  "foreground": "#c2adfc"
		}
	  },
	  {
		"name": "[VSCODE-CUSTOM] JSON Punctuation for Property Name",
		"scope": "support.type.property-name.json punctuation",
		"settings": {
		  "foreground": "#c2adfc"
		}
	  },
	  {
		"name": "laravel blade tag",
		"scope": "text.html.laravel-blade source.php.embedded.line.html entity.name.tag.laravel-blade",
		"settings": {
		  "foreground": "#fcade7"
		}
	  },
	  {
		"name": "laravel blade @",
		"scope": "text.html.laravel-blade source.php.embedded.line.html support.constant.laravel-blade",
		"settings": {
		  "foreground": "#fcade7"
		}
	  },
	  {
		"name": "use statement for other classes",
		"scope": "support.other.namespace.use.php,support.other.namespace.use-as.php,support.other.namespace.php,entity.other.alias.php,meta.interface.php",
		"settings": {
		  "foreground": "#fcdfad"
		}
	  },
	  {
		"name": "error suppression",
		"scope": "keyword.operator.error-control.php",
		"settings": {
		  "foreground": "#fcade7"
		}
	  },
	  {
		"name": "php instanceof",
		"scope": "keyword.operator.type.php",
		"settings": {
		  "foreground": "#fcade7"
		}
	  },
	  {
		"name": "style double quoted array index normal begin",
		"scope": "punctuation.section.array.begin.php",
		"settings": {
		  "foreground": "#abb2bf"
		}
	  },
	  {
		"name": "style double quoted array index normal end",
		"scope": "punctuation.section.array.end.php",
		"settings": {
		  "foreground": "#abb2bf"
		}
	  },
	  {
		"name": "php illegal.non-null-typehinted",
		"scope": "invalid.illegal.non-null-typehinted.php",
		"settings": {
		  "foreground": "#f44747"
		}
	  },
	  {
		"name": "php types",
		"scope": "storage.type.php,meta.other.type.phpdoc.php,keyword.other.type.php,keyword.other.array.phpdoc.php",
		"settings": {
		  "foreground": "#fcdfad"
		}
	  },
	  {
		"name": "php call-function",
		"scope": "meta.function-call.php,meta.function-call.object.php,meta.function-call.static.php",
		"settings": {
		  "foreground": "#61afef"
		}
	  },
	  {
		"name": "php function-resets",
		"scope": "punctuation.definition.parameters.begin.bracket.round.php,punctuation.definition.parameters.end.bracket.round.php,punctuation.separator.delimiter.php,punctuation.section.scope.begin.php,punctuation.section.scope.end.php,punctuation.terminator.expression.php,punctuation.definition.arguments.begin.bracket.round.php,punctuation.definition.arguments.end.bracket.round.php,punctuation.definition.storage-type.begin.bracket.round.php,punctuation.definition.storage-type.end.bracket.round.php,punctuation.definition.array.begin.bracket.round.php,punctuation.definition.array.end.bracket.round.php,punctuation.definition.begin.bracket.round.php,punctuation.definition.end.bracket.round.php,punctuation.definition.begin.bracket.curly.php,punctuation.definition.end.bracket.curly.php,punctuation.definition.section.switch-block.end.bracket.curly.php,punctuation.definition.section.switch-block.start.bracket.curly.php,punctuation.definition.section.switch-block.begin.bracket.curly.php,punctuation.definition.section.switch-block.end.bracket.curly.php",
		"settings": {
		  "foreground": "#abb2bf"
		}
	  },
	  {
		"name": "support php constants",
		"scope": "support.constant.core.rust",
		"settings": {
		  "foreground": "#ffbeb8"
		}
	  },
	  {
		"name": "support php constants",
		"scope": "support.constant.ext.php,support.constant.std.php,support.constant.core.php,support.constant.parser-token.php",
		"settings": {
		  "foreground": "#ffbeb8"
		}
	  },
	  {
		"name": "php goto",
		"scope": "entity.name.goto-label.php,support.other.php",
		"settings": {
		  "foreground": "#61afef"
		}
	  },
	  {
		"name": "php logical/bitwise operator",
		"scope": "keyword.operator.logical.php,keyword.operator.bitwise.php,keyword.operator.arithmetic.php",
		"settings": {
		  "foreground": "#b0f4fd"
		}
	  },
	  {
		"name": "php regexp operator",
		"scope": "keyword.operator.regexp.php",
		"settings": {
		  "foreground": "#fcade7"
		}
	  },
	  {
		"name": "php comparison",
		"scope": "keyword.operator.comparison.php",
		"settings": {
		  "foreground": "#b0f4fd"
		}
	  },
	  {
		"name": "php heredoc/nowdoc",
		"scope": "keyword.operator.heredoc.php,keyword.operator.nowdoc.php",
		"settings": {
		  "foreground": "#fcade7"
		}
	  },
	  {
		"name": "python function decorator @",
		"scope": "meta.function.decorator.python",
		"settings": {
		  "foreground": "#61afef"
		}
	  },
	  {
		"name": "python function support",
		"scope": "support.token.decorator.python,meta.function.decorator.identifier.python",
		"settings": {
		  "foreground": "#b0f4fd"
		}
	  },
	  {
		"name": "parameter function js/ts",
		"scope": "function.parameter",
		"settings": {
		  "foreground": "#abb2bf"
		}
	  },
	  {
		"name": "brace function",
		"scope": "function.brace",
		"settings": {
		  "foreground": "#abb2bf"
		}
	  },
	  {
		"name": "parameter function ruby cs",
		"scope": "function.parameter.ruby, function.parameter.cs",
		"settings": {
		  "foreground": "#abb2bf"
		}
	  },
	  {
		"name": "constant.language.symbol.ruby",
		"scope": "constant.language.symbol.ruby",
		"settings": {
		  "foreground": "#b0f4fd"
		}
	  },
	  {
		"name": "rgb-value",
		"scope": "rgb-value",
		"settings": {
		  "foreground": "#b0f4fd"
		}
	  },
	  {
		"name": "rgb value",
		"scope": "inline-color-decoration rgb-value",
		"settings": {
		  "foreground": "#ffbeb8"
		}
	  },
	  {
		"name": "rgb value less",
		"scope": "less rgb-value",
		"settings": {
		  "foreground": "#ffbeb8"
		}
	  },
	  {
		"name": "sass selector",
		"scope": "selector.sass",
		"settings": {
		  "foreground": "#c2adfc"
		}
	  },
	  {
		"name": "ts primitive/builtin types",
		"scope": "support.type.primitive.ts,support.type.builtin.ts,support.type.primitive.tsx,support.type.builtin.tsx",
		"settings": {
		  "foreground": "#fcdfad"
		}
	  },
	  {
		"name": "block scope",
		"scope": "block.scope.end,block.scope.begin",
		"settings": {
		  "foreground": "#abb2bf"
		}
	  },
	  {
		"name": "cs storage type",
		"scope": "storage.type.cs",
		"settings": {
		  "foreground": "#fcdfad"
		}
	  },
	  {
		"name": "cs local variable",
		"scope": "entity.name.variable.local.cs",
		"settings": {
		  "foreground": "#c2adfc"
		}
	  },
	  {
		"scope": "token.info-token",
		"settings": {
		  "foreground": "#61afef"
		}
	  },
	  {
		"scope": "token.warn-token",
		"settings": {
		  "foreground": "#ffbeb8"
		}
	  },
	  {
		"scope": "token.error-token",
		"settings": {
		  "foreground": "#f44747"
		}
	  },
	  {
		"scope": "token.debug-token",
		"settings": {
		  "foreground": "#fcade7"
		}
	  },
	  {
		"name": "String interpolation",
		"scope": [
		  "punctuation.definition.template-expression.begin",
		  "punctuation.definition.template-expression.end",
		  "punctuation.section.embedded"
		],
		"settings": {
		  "foreground": "#fcade7"
		}
	  },
	  {
		"name": "Reset JavaScript string interpolation expression",
		"scope": [
		  "meta.template.expression"
		],
		"settings": {
		  "foreground": "#abb2bf"
		}
	  },
	  {
		"name": "Import module JS",
		"scope": [
		  "keyword.operator.module"
		],
		"settings": {
		  "foreground": "#fcade7"
		}
	  },
	  {
		"name": "js Flowtype",
		"scope": [
		  "support.type.type.flowtype"
		],
		"settings": {
		  "foreground": "#61afef"
		}
	  },
	  {
		"name": "js Flow",
		"scope": [
		  "support.type.primitive"
		],
		"settings": {
		  "foreground": "#fcdfad"
		}
	  },
	  {
		"name": "js class prop",
		"scope": [
		  "meta.property.object"
		],
		"settings": {
		  "foreground": "#c2adfc"
		}
	  },
	  {
		"name": "js func parameter",
		"scope": [
		  "variable.parameter.function.js"
		],
		"settings": {
		  "foreground": "#c2adfc"
		}
	  },
	  {
		"name": "js template literals begin",
		"scope": [
		  "keyword.other.template.begin"
		],
		"settings": {
		  "foreground": "#79c3a4"
		}
	  },
	  {
		"name": "js template literals end",
		"scope": [
		  "keyword.other.template.end"
		],
		"settings": {
		  "foreground": "#79c3a4"
		}
	  },
	  {
		"name": "js template literals variable braces begin",
		"scope": [
		  "keyword.other.substitution.begin"
		],
		"settings": {
		  "foreground": "#79c3a4"
		}
	  },
	  {
		"name": "js template literals variable braces end",
		"scope": [
		  "keyword.other.substitution.end"
		],
		"settings": {
		  "foreground": "#79c3a4"
		}
	  },
	  {
		"name": "js operator.assignment",
		"scope": [
		  "keyword.operator.assignment"
		],
		"settings": {
		  "foreground": "#b0f4fd"
		}
	  },
	  {
		"name": "go operator",
		"scope": [
		  "keyword.operator.assignment.go"
		],
		"settings": {
		  "foreground": "#fcdfad"
		}
	  },
	  {
		"name": "go operator",
		"scope": [
		  "keyword.operator.arithmetic.go",
		  "keyword.operator.address.go"
		],
		"settings": {
		  "foreground": "#fcade7"
		}
	  },
	  {
		"name": "Go package name",
		"scope": [
		  "entity.name.package.go"
		],
		"settings": {
		  "foreground": "#fcdfad"
		}
	  },
	  {
		"name": "elm prelude",
		"scope": [
		  "support.type.prelude.elm"
		],
		"settings": {
		  "foreground": "#b0f4fd"
		}
	  },
	  {
		"name": "elm constant",
		"scope": [
		  "support.constant.elm"
		],
		"settings": {
		  "foreground": "#ffbeb8"
		}
	  },
	  {
		"name": "template literal",
		"scope": [
		  "punctuation.quasi.element"
		],
		"settings": {
		  "foreground": "#fcade7"
		}
	  },
	  {
		"name": "html/pug (jade) escaped characters and entities",
		"scope": [
		  "constant.character.entity"
		],
		"settings": {
		  "foreground": "#c2adfc"
		}
	  },
	  {
		"name": "styling css pseudo-elements/classes to be able to differentiate from classes which are the same colour",
		"scope": [
		  "entity.other.attribute-name.pseudo-element",
		  "entity.other.attribute-name.pseudo-class"
		],
		"settings": {
		  "foreground": "#79C3A4"
		}
	  },
	  {
		"name": "Clojure globals",
		"scope": [
		  "entity.global.clojure"
		],
		"settings": {
		  "foreground": "#fcdfad"
		}
	  },
	  {
		"name": "Clojure symbols",
		"scope": [
		  "meta.symbol.clojure"
		],
		"settings": {
		  "foreground": "#c2adfc"
		}
	  },
	  {
		"name": "Clojure constants",
		"scope": [
		  "constant.keyword.clojure"
		],
		"settings": {
		  "foreground": "#b0f4fd"
		}
	  },
	  {
		"name": "CoffeeScript Function Argument",
		"scope": [
		  "meta.arguments.coffee",
		  "variable.parameter.function.coffee"
		],
		"settings": {
		  "foreground": "#c2adfc"
		}
	  },
	  {
		"name": "Ini Default Text",
		"scope": [
		  "source.ini"
		],
		"settings": {
		  "foreground": "#79c3a4"
		}
	  },
	  {
		"name": "Makefile prerequisities",
		"scope": [
		  "meta.scope.prerequisites.makefile"
		],
		"settings": {
		  "foreground": "#c2adfc"
		}
	  },
	  {
		"name": "Makefile text colour",
		"scope": [
		  "source.makefile"
		],
		"settings": {
		  "foreground": "#fcdfad"
		}
	  },
	  {
		"name": "Groovy import names",
		"scope": [
		  "storage.modifier.import.groovy"
		],
		"settings": {
		  "foreground": "#fcdfad"
		}
	  },
	  {
		"name": "Groovy Methods",
		"scope": [
		  "meta.method.groovy"
		],
		"settings": {
		  "foreground": "#61afef"
		}
	  },
	  {
		"name": "Groovy Variables",
		"scope": [
		  "meta.definition.variable.name.groovy"
		],
		"settings": {
		  "foreground": "#c2adfc"
		}
	  },
	  {
		"name": "Groovy Inheritance",
		"scope": [
		  "meta.definition.class.inherited.classes.groovy"
		],
		"settings": {
		  "foreground": "#79c3a4"
		}
	  },
	  {
		"name": "HLSL Semantic",
		"scope": [
		  "support.variable.semantic.hlsl"
		],
		"settings": {
		  "foreground": "#fcdfad"
		}
	  },
	  {
		"name": "HLSL Types",
		"scope": [
		  "support.type.texture.hlsl",
		  "support.type.sampler.hlsl",
		  "support.type.object.hlsl",
		  "support.type.object.rw.hlsl",
		  "support.type.fx.hlsl",
		  "support.type.object.hlsl"
		],
		"settings": {
		  "foreground": "#fcade7"
		}
	  },
	  {
		"name": "SQL Variables",
		"scope": [
		  "text.variable",
		  "text.bracketed"
		],
		"settings": {
		  "foreground": "#c2adfc"
		}
	  },
	  {
		"name": "types",
		"scope": [
		  "support.type.swift",
		  "support.type.vb.asp"
		],
		"settings": {
		  "foreground": "#fcdfad"
		}
	  },
	  {
		"name": "heading 1, keyword",
		"scope": [
		  "entity.name.function.xi"
		],
		"settings": {
		  "foreground": "#fcdfad"
		}
	  },
	  {
		"name": "heading 2, callable",
		"scope": [
		  "entity.name.class.xi"
		],
		"settings": {
		  "foreground": "#b0f4fd"
		}
	  },
	  {
		"name": "heading 3, property",
		"scope": [
		  "constant.character.character-class.regexp.xi"
		],
		"settings": {
		  "foreground": "#c2adfc"
		}
	  },
	  {
		"name": "heading 4, type, class, interface",
		"scope": [
		  "constant.regexp.xi"
		],
		"settings": {
		  "foreground": "#fcade7"
		}
	  },
	  {
		"name": "heading 5, enums, preprocessor, constant, decorator",
		"scope": [
		  "keyword.control.xi"
		],
		"settings": {
		  "foreground": "#b0f4fd"
		}
	  },
	  {
		"name": "heading 6, number",
		"scope": [
		  "invalid.xi"
		],
		"settings": {
		  "foreground": "#abb2bf"
		}
	  },
	  {
		"name": "string",
		"scope": [
		  "beginning.punctuation.definition.quote.markdown.xi"
		],
		"settings": {
		  "foreground": "#79c3a4"
		}
	  },
	  {
		"name": "comments",
		"scope": [
		  "beginning.punctuation.definition.list.markdown.xi"
		],
		"settings": {
		  "foreground": "#7f848e"
		}
	  },
	  {
		"name": "link",
		"scope": [
		  "constant.character.xi"
		],
		"settings": {
		  "foreground": "#61afef"
		}
	  },
	  {
		"name": "accent",
		"scope": [
		  "accent.xi"
		],
		"settings": {
		  "foreground": "#61afef"
		}
	  },
	  {
		"name": "wikiword",
		"scope": [
		  "wikiword.xi"
		],
		"settings": {
		  "foreground": "#ffbeb8"
		}
	  },
	  {
		"name": "language operators like '+', '-' etc",
		"scope": [
		  "constant.other.color.rgb-value.xi"
		],
		"settings": {
		  "foreground": "#ffffff"
		}
	  },
	  {
		"name": "elements to dim",
		"scope": [
		  "punctuation.definition.tag.xi"
		],
		"settings": {
		  "foreground": "#5c6370"
		}
	  },
	  {
		"name": "C++/C#",
		"scope": [
		  "entity.name.label.cs",
		  "entity.name.scope-resolution.function.call",
		  "entity.name.scope-resolution.function.definition"
		],
		"settings": {
		  "foreground": "#fcdfad"
		}
	  },
	  {
		"name": "Markdown underscore-style headers",
		"scope": [
		  "entity.name.label.cs",
		  "markup.heading.setext.1.markdown",
		  "markup.heading.setext.2.markdown"
		],
		"settings": {
		  "foreground": "#c2adfc"
		}
	  },
	  {
		"name": "meta.brace.square",
		"scope": [
		  " meta.brace.square"
		],
		"settings": {
		  "foreground": "#abb2bf"
		}
	  },
	  {
		"name": "Comments",
		"scope": "comment, punctuation.definition.comment",
		"settings": {
		  "fontStyle": "italic",
		  "foreground": "#7f848e"
		}
	  },
	  {
		"name": "[VSCODE-CUSTOM] Markdown Quote",
		"scope": "markup.quote.markdown",
		"settings": {
		  "foreground": "#5c6370"
		}
	  },
	  {
		"name": "punctuation.definition.block.sequence.item.yaml",
		"scope": "punctuation.definition.block.sequence.item.yaml",
		"settings": {
		  "foreground": "#abb2bf"
		}
	  },
	  {
		"scope": [
		  "constant.language.symbol.elixir",
		  "constant.language.symbol.double-quoted.elixir"
		],
		"settings": {
		  "foreground": "#b0f4fd"
		}
	  },
	  {
		"scope": [
		  "entity.name.variable.parameter.cs"
		],
		"settings": {
		  "foreground": "#fcdfad"
		}
	  },
	  {
		"scope": [
		  "entity.name.variable.field.cs"
		],
		"settings": {
		  "foreground": "#c2adfc"
		}
	  },
	  {
		"name": "js/ts italic",
		"scope": "entity.other.attribute-name.js,entity.other.attribute-name.ts,entity.other.attribute-name.jsx,entity.other.attribute-name.tsx,variable.parameter,variable.language.super",
		"settings": {
		  "fontStyle": "italic"
		}
	  },
	  {
		"name": "comment",
		"scope": "comment.line.double-slash,comment.block.documentation",
		"settings": {
		  "fontStyle": "italic"
		}
	  },
	  {
		"name": "Python Keyword Control",
		"scope": "keyword.control.import.python,keyword.control.flow.python",
		"settings": {
		  "fontStyle": "italic"
		}
	  },
	  {
		"name": "markup.italic.markdown",
		"scope": "markup.italic.markdown",
		"settings": {
		  "fontStyle": "italic"
		}
	  }
	],
	"colors": {
	  "activityBar.background": "#282c34",
	  "activityBar.foreground": "#d7dae0",
	  "activityBarBadge.background": "#4d78cc",
	  "activityBarBadge.foreground": "#f8fafd",
	  "badge.background": "#282c34",
	  "button.background": "#404754",
	  "debugToolBar.background": "#21252b",
	  "diffEditor.insertedTextBackground": "#00809b33",
	  "dropdown.background": "#21252b",
	  "dropdown.border": "#21252b",
	  "editor.background": "#282c34",
	  "editor.findMatchBackground": "#42557b",
	  "editor.findMatchBorder": "#457dff",
	  "editor.findMatchHighlightBackground": "#6199ff2f",
	  "editor.foreground": "#abb2bf",
	  "editor.lineHighlightBackground": "#2c313c",
	  "editorLineNumber.activeForeground": "#abb2bf",
	  "editor.selectionBackground": "#67769660",
	  "editor.selectionHighlightBackground": "#ffffff10",
	  "editor.selectionHighlightBorder": "#dddddd",
	  "editor.wordHighlightBackground": "#d2e0ff2f",
	  "editor.wordHighlightBorder": "#7f848e",
	  "editor.wordHighlightStrongBackground": "#abb2bf26",
	  "editor.wordHighlightStrongBorder": "#7f848e",
	  "editorActiveLineNumber.foreground": "#737984",
	  "editorBracketMatch.background": "#515a6b",
	  "editorBracketMatch.border": "#515a6b",
	  "editorCursor.background": "#ffffffc9",
	  "editorCursor.foreground": "#528bff",
	  "editorError.foreground": "#c24038",
	  "editorGroup.background": "#181a1f",
	  "editorGroup.border": "#181a1f",
	  "editorGroupHeader.tabsBackground": "#21252b",
	  "editorHoverWidget.background": "#21252b",
	  "editorHoverWidget.border": "#181a1f",
	  "editorIndentGuide.activeBackground": "#c8c8c859",
	  "editorIndentGuide.background": "#3b4048",
	  "editorLineNumber.foreground": "#495162",
	  "editorMarkerNavigation.background": "#21252b",
	  "editorRuler.foreground": "#abb2bf26",
	  "editorSuggestWidget.background": "#21252b",
	  "editorSuggestWidget.border": "#181a1f",
	  "editorSuggestWidget.selectedBackground": "#2c313a",
	  "editorWarning.foreground": "#ffbeb8",
	  "editorWhitespace.foreground": "#3b4048",
	  "editorWidget.background": "#21252b",
	  "focusBorder": "#464646",
	  "input.background": "#1d1f23",
	  "list.activeSelectionBackground": "#2c313a",
	  "list.activeSelectionForeground": "#d7dae0",
	  "list.focusBackground": "#383e4a",
	  "list.highlightForeground": "#c5c5c5",
	  "list.hoverBackground": "#292d35",
	  "list.inactiveSelectionBackground": "#2c313a",
	  "list.inactiveSelectionForeground": "#d7dae0",
	  "list.warningForeground": "#ffbeb8",
	  "menu.foreground": "#c8c8c8",
	  "panelSectionHeader.background": "#21252b",
	  "peekViewEditor.background": "#1b1d23",
	  "peekViewEditor.matchHighlightBackground": "#29244b",
	  "peekViewResult.background": "#22262b",
	  "scrollbarSlider.activeBackground": "#747d9180",
	  "scrollbarSlider.background": "#4e566660",
	  "scrollbarSlider.hoverBackground": "#5a637580",
	  "sideBar.background": "#21252b",
	  "sideBarSectionHeader.background": "#282c34",
	  "statusBar.background": "#21252b",
	  "statusBar.debuggingBackground": "#cc6633",
	  "statusBar.debuggingBorder": "#66017a",
	  "statusBar.debuggingForeground": "#ffffff",
	  "statusBar.foreground": "#9da5b4",
	  "statusBar.noFolderBackground": "#21252b",
	  "statusBarItem.hoverBackground": "#2c313a",
	  "statusBarItem.remoteBackground": "#4d78cc",
	  "statusBarItem.remoteForeground": "#f8fafd",
	  "tab.activeBackground": "#282c34",
	  "tab.activeForeground": "#dcdcdc",
	  "tab.border": "#181a1f",
	  "tab.hoverBackground": "#323842",
	  "tab.inactiveBackground": "#21252b",
	  "tab.unfocusedHoverBackground": "#323842",
	  "terminal.ansiBlack": "#3f4451",
	  "terminal.ansiBlue": "#4aa5f0",
	  "terminal.ansiBrightBlack": "#4f5666",
	  "terminal.ansiBrightBlue": "#4dc4ff",
	  "terminal.ansiBrightCyan": "#4cd1e0",
	  "terminal.ansiBrightGreen": "#a5e075",
	  "terminal.ansiBrightMagenta": "#de73ff",
	  "terminal.ansiBrightRed": "#ff616e",
	  "terminal.ansiBrightWhite": "#d7dae0",
	  "terminal.ansiBrightYellow": "#f0a45d",
	  "terminal.ansiCyan": "#42b3c2",
	  "terminal.ansiGreen": "#8cc265",
	  "terminal.ansiMagenta": "#c162de",
	  "terminal.ansiRed": "#e05561",
	  "terminal.ansiWhite": "#e6e6e6",
	  "terminal.ansiYellow": "#d18f52",
	  "terminal.background": "#282c34",
	  "terminal.border": "#abb2bf",
	  "terminal.foreground": "#abb2bf",
	  "terminal.selectionBackground": "#abb2bf30",
	  "textLink.foreground": "#61afef",
	  "titleBar.activeBackground": "#282c34",
	  "titleBar.activeForeground": "#9da5b4",
	  "titleBar.inactiveBackground": "#21252b",
	  "titleBar.inactiveForeground": "#6b717d"
	}
  }